image_path,original_class,unified_label,unified_class,source,azh_split
data/AZH/train/no wound/29.jpg,no wound,4,no_wound,AZH-azh_train,train
data/AZH/train/surgical/37_0.jpg,surgical,2,surgical,AZH-azh_train,train
data/AZH/train/BG/17.jpg,BG,4,no_wound,AZH-azh_train,train
data/AZH/train/diabetic/55_0.jpg,diabetic,0,diabetic,AZH-azh_train,train
data/AZH/train/pressure/96_0.jpg,pressure,1,pressure,AZH-azh_train,train
data/AZH/train/venous/119_0.jpg,venous,3,venous,AZH-azh_train,train
data/AZH/train/diabetic/87_0.jpg,diabetic,0,diabetic,AZH-azh_train,train
data/AZH/train/no wound/8.jpg,no wound,4,no_wound,AZH-azh_train,train
data/Medetec/diabetic/foot-ulcer-0002.jpg,diabetic,0,diabetic,Medetec,train
data/Medetec/venous/leg-ulcer-case-2-13.jpg,venous,3,venous,Medetec,train
data/AZH/train/venous/115_1.jpg,venous,3,venous,AZH-azh_train,train
data/AZH/train/pressure/94_0.jpg,pressure,1,pressure,AZH-azh_train,train
data/AZH/train/pressure/69_1.jpg,pressure,1,pressure,AZH-azh_train,train
data/AZH/train/pressure/29_0.jpg,pressure,1,pressure,AZH-azh_train,train
data/Medetec/pressure/undermining0002.jpg,pressure,1,pressure,Medetec,train
data/AZH/train/diabetic/146_1.jpg,diabetic,0,diabetic,AZH-azh_train,train
data/AZH/train/venous/82_0.jpg,venous,3,venous,AZH-azh_train,train
data/Medetec/diabetic/foot-ulcer-0026.jpg,diabetic,0,diabetic,Medetec,train
data/AZH/train/surgical/52_1.jpg,surgical,2,surgical,AZH-azh_train,train
data/Medetec/pressure/pressure-ulcer-on-foot-0039.jpg,pressure,1,pressure,Medetec,train
data/Medetec/diabetic/foot-ulcer-0018.jpg,diabetic,0,diabetic,Medetec,train
data/AZH/train/venous/43_0.jpg,venous,3,venous,AZH-azh_train,train
data/Medetec/venous/leg-ulcer-healing-well-0107.jpg,venous,3,venous,Medetec,train
data/Medetec/pressure/healing-pressure-ulcer-0025.jpg,pressure,1,pressure,Medetec,train
data/Medetec/pressure/pressure-ulcer-on-foot-0028.jpg,pressure,1,pressure,Medetec,train
data/AZH/train/diabetic/108_0.jpg,diabetic,0,diabetic,AZH-azh_train,train
data/AZH/train/surgical/105_0.jpg,surgical,2,surgical,AZH-azh_train,train
data/AZH/train/BG/74.jpg,BG,4,no_wound,AZH-azh_train,train
data/Medetec/pressure/necrotic-pressure-ulcer-0002.jpg,pressure,1,pressure,Medetec,train
data/AZH/train/venous/97_1.jpg,venous,3,venous,AZH-azh_train,train
data/AZH/train/diabetic/134_1.jpg,diabetic,0,diabetic,AZH-azh_train,train
data/AZH/train/no wound/20.jpg,no wound,4,no_wound,AZH-azh_train,train
data/AZH/train/surgical/110_1.jpg,surgical,2,surgical,AZH-azh_train,train
data/Medetec/venous/leg-ulcer-case-3-9.jpg,venous,3,venous,Medetec,train
data/Medetec/pressure/pressure-ulcer-on-head-006.jpg,pressure,1,pressure,Medetec,train
data/AZH/train/pressure/48_2.jpg,pressure,1,pressure,AZH-azh_train,train
data/AZH/train/pressure/62_0.jpg,pressure,1,pressure,AZH-azh_train,train
data/Medetec/pressure/treating--pressure-ulcers0002.jpg,pressure,1,pressure,Medetec,train
data/AZH/train/no wound/75.jpg,no wound,4,no_wound,AZH-azh_train,train
data/AZH/train/venous/106_1.jpg,venous,3,venous,AZH-azh_train,train
data/Medetec/pressure/sloughy-pressure-ulcer-0021.jpg,pressure,1,pressure,Medetec,train
data/AZH/train/diabetic/64_1.jpg,diabetic,0,diabetic,AZH-azh_train,train
data/Medetec/pressure/necrotic-pressure-ulcer-0001.jpg,pressure,1,pressure,Medetec,train
data/AZH/train/surgical/6_1.jpg,surgical,2,surgical,AZH-azh_train,train
data/AZH/train/surgical/1_0.jpg,surgical,2,surgical,AZH-azh_train,train
data/AZH/train/pressure/10_2.jpg,pressure,1,pressure,AZH-azh_train,train
data/AZH/train/surgical/21_0.jpg,surgical,2,surgical,AZH-azh_train,train
data/AZH/train/venous/110_0.jpg,venous,3,venous,AZH-azh_train,train
data/AZH/train/venous/3_0.jpg,venous,3,venous,AZH-azh_train,train
data/AZH/train/venous/118_0.jpg,venous,3,venous,AZH-azh_train,train
data/AZH/train/diabetic/122_1.jpg,diabetic,0,diabetic,AZH-azh_train,train
data/AZH/train/venous/147_0.jpg,venous,3,venous,AZH-azh_train,train
data/AZH/train/diabetic/84_0.jpg,diabetic,0,diabetic,AZH-azh_train,train
data/Medetec/pressure/sloughy-pressure-ulcer-0027.jpg,pressure,1,pressure,Medetec,train
data/AZH/train/diabetic/25_0.jpg,diabetic,0,diabetic,AZH-azh_train,train
data/AZH/train/surgical/77_1.jpg,surgical,2,surgical,AZH-azh_train,train
data/AZH/train/no wound/53.jpg,no wound,4,no_wound,AZH-azh_train,train
data/AZH/train/pressure/72_1.jpg,pressure,1,pressure,AZH-azh_train,train
data/Medetec/diabetic/foot-ulcer-0017.jpg,diabetic,0,diabetic,Medetec,train
data/AZH/train/pressure/25_3.jpg,pressure,1,pressure,AZH-azh_train,train
data/AZH/train/venous/38_1.jpg,venous,3,venous,AZH-azh_train,train
data/Medetec/pressure/necrotic-pressure-ulcer-0016.jpg,pressure,1,pressure,Medetec,train
data/Medetec/toes/toes-0023.jpg,toes,0,diabetic,Medetec,train
data/Medetec/venous/leg-ulcers-0092.jpg,venous,3,venous,Medetec,train
data/AZH/train/diabetic/41_0.jpg,diabetic,0,diabetic,AZH-azh_train,train
data/Medetec/diabetic/foot-ulcer-0004.jpg,diabetic,0,diabetic,Medetec,train
data/AZH/train/pressure/83_0.jpg,pressure,1,pressure,AZH-azh_train,train
data/AZH/train/surgical/54_0.jpg,surgical,2,surgical,AZH-azh_train,train
data/AZH/train/venous/155_0.jpg,venous,3,venous,AZH-azh_train,train
data/Medetec/pressure/necrotic-pressure-ulcer-0008.jpg,pressure,1,pressure,Medetec,train
data/AZH/train/venous/153_1.jpg,venous,3,venous,AZH-azh_train,train
data/AZH/train/no wound/31.jpg,no wound,4,no_wound,AZH-azh_train,train
data/AZH/train/surgical/65_0.jpg,surgical,2,surgical,AZH-azh_train,train
data/Medetec/toes/toes-0041.jpg,toes,0,diabetic,Medetec,train
data/Medetec/diabetic/foot-ulcer-0019.jpg,diabetic,0,diabetic,Medetec,train
data/AZH/train/surgical/11_0.jpg,surgical,2,surgical,AZH-azh_train,train
data/Medetec/venous/leg-ulcers-0013.jpg,venous,3,venous,Medetec,train
data/AZH/train/venous/26_0.jpg,venous,3,venous,AZH-azh_train,train
data/AZH/train/diabetic/11_0.jpg,diabetic,0,diabetic,AZH-azh_train,train
data/Medetec/pressure/pressure-ulcer-on-foot-0029.jpg,pressure,1,pressure,Medetec,train
data/Medetec/toes/toes-0001.jpg,toes,0,diabetic,Medetec,train
data/Medetec/venous/leg-ulcers-0052.jpg,venous,3,venous,Medetec,train
data/AZH/train/BG/42.jpg,BG,4,no_wound,AZH-azh_train,train
data/AZH/train/surgical/2_0.jpg,surgical,2,surgical,AZH-azh_train,train
data/Medetec/pressure/pressure-ulcer-on-neck-004.jpg,pressure,1,pressure,Medetec,train
data/AZH/train/pressure/73_0.jpg,pressure,1,pressure,AZH-azh_train,train
data/AZH/train/BG/47.jpg,BG,4,no_wound,AZH-azh_train,train
data/AZH/train/venous/150_0.jpg,venous,3,venous,AZH-azh_train,train
data/AZH/train/diabetic/92_0.jpg,diabetic,0,diabetic,AZH-azh_train,train
data/Medetec/pressure/healing-pressure-ulcer-0030.jpg,pressure,1,pressure,Medetec,train
data/AZH/train/venous/48_0.jpg,venous,3,venous,AZH-azh_train,train
data/Medetec/diabetic/foot-ulcer-3-2.jpg,diabetic,0,diabetic,Medetec,train
data/AZH/train/venous/69_0.jpg,venous,3,venous,AZH-azh_train,train
data/Medetec/diabetic/foot-ulcer-0027.jpg,diabetic,0,diabetic,Medetec,train
data/Medetec/pressure/undermining0017.jpg,pressure,1,pressure,Medetec,train
data/AZH/train/surgical/81_0.jpg,surgical,2,surgical,AZH-azh_train,train
data/AZH/train/BG/46.jpg,BG,4,no_wound,AZH-azh_train,train
data/AZH/train/pressure/48_3.jpg,pressure,1,pressure,AZH-azh_train,train
data/Medetec/venous/leg-ulcers-0020.jpg,venous,3,venous,Medetec,train
data/Medetec/pressure/necrotic-pressure-ulcer-0012.jpg,pressure,1,pressure,Medetec,train
data/Medetec/venous/leg-ulcer-case-3-11.jpg,venous,3,venous,Medetec,train
data/Medetec/pressure/undermining0010.jpg,pressure,1,pressure,Medetec,train
data/AZH/train/no wound/55.jpg,no wound,4,no_wound,AZH-azh_train,train
data/AZH/train/venous/9_0.jpg,venous,3,venous,AZH-azh_train,train
data/AZH/train/venous/73_0.jpg,venous,3,venous,AZH-azh_train,train
data/AZH/train/pressure/39_0.jpg,pressure,1,pressure,AZH-azh_train,train
data/AZH/train/surgical/13_1.jpg,surgical,2,surgical,AZH-azh_train,train
data/AZH/train/venous/91_0.jpg,venous,3,venous,AZH-azh_train,train
data/AZH/train/surgical/32_0.jpg,surgical,2,surgical,AZH-azh_train,train
data/Medetec/venous/ischaemic-leg-ulcer-with-tendon-visible.jpg,venous,3,venous,Medetec,train
data/AZH/train/pressure/25_2.jpg,pressure,1,pressure,AZH-azh_train,train
data/AZH/train/venous/124_0.jpg,venous,3,venous,AZH-azh_train,train
data/Medetec/venous/leg-ulcer-case-3-3.jpg,venous,3,venous,Medetec,train
data/Medetec/diabetic/foot-ulcer-3-4.jpg,diabetic,0,diabetic,Medetec,train
data/Medetec/pressure/sloughy-pressure-ulcer-0032.jpg,pressure,1,pressure,Medetec,train
data/AZH/train/surgical/33_0.jpg,surgical,2,surgical,AZH-azh_train,train
data/AZH/train/diabetic/76_0.jpg,diabetic,0,diabetic,AZH-azh_train,train
data/AZH/train/venous/87_2.jpg,venous,3,venous,AZH-azh_train,train
data/AZH/train/BG/73.jpg,BG,4,no_wound,AZH-azh_train,train
data/Medetec/venous/leg-ulcers-0066.jpg,venous,3,venous,Medetec,train
data/Medetec/pressure/pressure-ulcer-on-foot-0026.jpg,pressure,1,pressure,Medetec,train
data/Medetec/venous/leg-ulcer-case-3-8.jpg,venous,3,venous,Medetec,train
data/AZH/train/pressure/93_0.jpg,pressure,1,pressure,AZH-azh_train,train
data/AZH/train/pressure/50_0.jpg,pressure,1,pressure,AZH-azh_train,train
data/AZH/train/surgical/10_0.jpg,surgical,2,surgical,AZH-azh_train,train
data/AZH/train/venous/116_0.jpg,venous,3,venous,AZH-azh_train,train
data/AZH/train/pressure/33_0.jpg,pressure,1,pressure,AZH-azh_train,train
data/AZH/train/BG/62.jpg,BG,4,no_wound,AZH-azh_train,train
data/AZH/train/venous/19_0.jpg,venous,3,venous,AZH-azh_train,train
data/Medetec/pressure/undermining0007.jpg,pressure,1,pressure,Medetec,train
data/AZH/train/diabetic/42_0.jpg,diabetic,0,diabetic,AZH-azh_train,train
data/Medetec/pressure/sloughy-pressure-ulcer-0002.jpg,pressure,1,pressure,Medetec,train
data/AZH/train/pressure/67_0.jpg,pressure,1,pressure,AZH-azh_train,train
data/AZH/train/venous/40_0.jpg,venous,3,venous,AZH-azh_train,train
data/AZH/train/pressure/6_0.jpg,pressure,1,pressure,AZH-azh_train,train
data/AZH/train/diabetic/37_0.jpg,diabetic,0,diabetic,AZH-azh_train,train
data/AZH/train/venous/52_1.jpg,venous,3,venous,AZH-azh_train,train
data/AZH/train/surgical/73_0.jpg,surgical,2,surgical,AZH-azh_train,train
data/AZH/train/surgical/67_0.jpg,surgical,2,surgical,AZH-azh_train,train
data/Medetec/pressure/pressure-ulcer-on-foot-0013.jpg,pressure,1,pressure,Medetec,train
data/AZH/train/venous/41_0.jpg,venous,3,venous,AZH-azh_train,train
data/Medetec/pressure/undermining0016.jpg,pressure,1,pressure,Medetec,train
data/Medetec/pressure/pressure-ulcer-on-foot-0032.jpg,pressure,1,pressure,Medetec,train
data/AZH/train/venous/92_0.jpg,venous,3,venous,AZH-azh_train,train
data/AZH/train/venous/74_0.jpg,venous,3,venous,AZH-azh_train,train
data/AZH/train/BG/61.jpg,BG,4,no_wound,AZH-azh_train,train
data/Medetec/venous/leg-ulcers-0028.jpg,venous,3,venous,Medetec,train
data/AZH/train/pressure/74_0.jpg,pressure,1,pressure,AZH-azh_train,train
data/AZH/train/venous/141_0.jpg,venous,3,venous,AZH-azh_train,train
data/Medetec/diabetic/foot-ulcer-0010.jpg,diabetic,0,diabetic,Medetec,train
data/Medetec/venous/leg-ulcers-0003.jpg,venous,3,venous,Medetec,train
data/AZH/train/venous/58_0.jpg,venous,3,venous,AZH-azh_train,train
data/Medetec/pressure/pressure-ulcer-on-foot-0052.jpg,pressure,1,pressure,Medetec,train
data/Medetec/pressure/healing-pressure-ulcer-0001.jpg,pressure,1,pressure,Medetec,train
data/AZH/train/BG/16.jpg,BG,4,no_wound,AZH-azh_train,train
data/AZH/train/venous/54_0.jpg,venous,3,venous,AZH-azh_train,train
data/AZH/train/no wound/67.jpg,no wound,4,no_wound,AZH-azh_train,train
data/AZH/train/venous/106_0.jpg,venous,3,venous,AZH-azh_train,train
data/AZH/train/pressure/57_0.jpg,pressure,1,pressure,AZH-azh_train,train
data/AZH/train/diabetic/110_0.jpg,diabetic,0,diabetic,AZH-azh_train,train
data/AZH/train/pressure/25_4.jpg,pressure,1,pressure,AZH-azh_train,train
data/AZH/train/BG/58.jpg,BG,4,no_wound,AZH-azh_train,train
data/AZH/train/venous/107_1.jpg,venous,3,venous,AZH-azh_train,train
data/AZH/train/BG/4.jpg,BG,4,no_wound,AZH-azh_train,train
data/AZH/train/diabetic/120_0.jpg,diabetic,0,diabetic,AZH-azh_train,train
data/AZH/train/venous/141_1.jpg,venous,3,venous,AZH-azh_train,train
data/AZH/train/surgical/11_1.jpg,surgical,2,surgical,AZH-azh_train,train
data/AZH/train/pressure/64_0.jpg,pressure,1,pressure,AZH-azh_train,train
data/AZH/train/pressure/89_0.jpg,pressure,1,pressure,AZH-azh_train,train
data/AZH/train/diabetic/32_1.jpg,diabetic,0,diabetic,AZH-azh_train,train
data/AZH/train/surgical/101_0.jpg,surgical,2,surgical,AZH-azh_train,train
data/Medetec/pressure/pressure-ulcer-on-foot-0025.jpg,pressure,1,pressure,Medetec,train
data/AZH/train/BG/71.jpg,BG,4,no_wound,AZH-azh_train,train
data/Medetec/diabetic/foot-ulcer1-5.jpg,diabetic,0,diabetic,Medetec,train
data/AZH/train/BG/33.jpg,BG,4,no_wound,AZH-azh_train,train
data/Medetec/venous/leg-ulcers-0049.jpg,venous,3,venous,Medetec,train
data/AZH/train/surgical/116_0.jpg,surgical,2,surgical,AZH-azh_train,train
data/Medetec/pressure/sloughy-pressure-ulcer-0033.jpg,pressure,1,pressure,Medetec,train
data/AZH/train/venous/99_0.jpg,venous,3,venous,AZH-azh_train,train
data/Medetec/pressure/superficial-pressure-ulcer0012.jpg,pressure,1,pressure,Medetec,train
data/Medetec/pressure/pressure-ulcer-on-neck-003.jpg,pressure,1,pressure,Medetec,train
data/AZH/train/surgical/35_0.jpg,surgical,2,surgical,AZH-azh_train,train
data/AZH/train/pressure/65_0.jpg,pressure,1,pressure,AZH-azh_train,train
data/AZH/train/venous/93_0.jpg,venous,3,venous,AZH-azh_train,train
data/AZH/train/no wound/18.jpg,no wound,4,no_wound,AZH-azh_train,train
data/AZH/train/venous/45_0.jpg,venous,3,venous,AZH-azh_train,train
data/AZH/train/diabetic/7_1.jpg,diabetic,0,diabetic,AZH-azh_train,train
data/Medetec/venous/leg-ulcer-case-2-6.jpg,venous,3,venous,Medetec,train
data/Medetec/pressure/undermining0011.jpg,pressure,1,pressure,Medetec,train
data/AZH/train/surgical/119_0.jpg,surgical,2,surgical,AZH-azh_train,train
data/AZH/train/surgical/114_0.jpg,surgical,2,surgical,AZH-azh_train,train
data/AZH/train/diabetic/24_0.jpg,diabetic,0,diabetic,AZH-azh_train,train
data/AZH/train/no wound/21.jpg,no wound,4,no_wound,AZH-azh_train,train
data/AZH/train/no wound/13.jpg,no wound,4,no_wound,AZH-azh_train,train
data/AZH/train/venous/101_1.jpg,venous,3,venous,AZH-azh_train,train
data/AZH/train/no wound/7.jpg,no wound,4,no_wound,AZH-azh_train,train
data/AZH/train/diabetic/140_0.jpg,diabetic,0,diabetic,AZH-azh_train,train
data/Medetec/diabetic/foot-ulcer-0021.jpg,diabetic,0,diabetic,Medetec,train
data/AZH/train/venous/107_0.jpg,venous,3,venous,AZH-azh_train,train
data/AZH/train/BG/18.jpg,BG,4,no_wound,AZH-azh_train,train
data/AZH/train/pressure/36_0.jpg,pressure,1,pressure,AZH-azh_train,train
data/Medetec/venous/leg-ulcers-0050.jpg,venous,3,venous,Medetec,train
data/AZH/train/venous/63_0.jpg,venous,3,venous,AZH-azh_train,train
data/AZH/train/diabetic/89_0.jpg,diabetic,0,diabetic,AZH-azh_train,train
data/Medetec/diabetic/foot-ulcer-0015.jpg,diabetic,0,diabetic,Medetec,train
data/AZH/train/venous/13_0.jpg,venous,3,venous,AZH-azh_train,train
data/Medetec/toes/toes-0020.jpg,toes,0,diabetic,Medetec,train
data/AZH/train/surgical/43_0.jpg,surgical,2,surgical,AZH-azh_train,train
data/AZH/train/surgical/5_0.jpg,surgical,2,surgical,AZH-azh_train,train
data/Medetec/venous/leg-ulcers-0088.jpg,venous,3,venous,Medetec,train
data/AZH/train/BG/39.jpg,BG,4,no_wound,AZH-azh_train,train
data/Medetec/pressure/pressure-ulcer-on-neck-001.jpg,pressure,1,pressure,Medetec,train
data/Medetec/diabetic/foot-ulcer-0011.jpg,diabetic,0,diabetic,Medetec,train
data/AZH/train/diabetic/81_1.jpg,diabetic,0,diabetic,AZH-azh_train,train
data/Medetec/pressure/healing-pressure-ulcer-0002.jpg,pressure,1,pressure,Medetec,train
data/Medetec/venous/leg-ulcers-0024.jpg,venous,3,venous,Medetec,train
data/AZH/train/no wound/14.jpg,no wound,4,no_wound,AZH-azh_train,train
data/Medetec/venous/leg-ulcer-case-3.jpg,venous,3,venous,Medetec,train
data/AZH/train/surgical/55_0.jpg,surgical,2,surgical,AZH-azh_train,train
data/AZH/train/no wound/27.jpg,no wound,4,no_wound,AZH-azh_train,train
data/Medetec/venous/leg-ulcers-0021.jpg,venous,3,venous,Medetec,train
data/AZH/train/surgical/5_2.jpg,surgical,2,surgical,AZH-azh_train,train
data/AZH/train/diabetic/152_0.jpg,diabetic,0,diabetic,AZH-azh_train,train
data/AZH/train/pressure/6_1.jpg,pressure,1,pressure,AZH-azh_train,train
data/Medetec/venous/leg-ulcers-0113.jpg,venous,3,venous,Medetec,train
data/AZH/train/venous/50_0.jpg,venous,3,venous,AZH-azh_train,train
data/AZH/train/diabetic/90_0.jpg,diabetic,0,diabetic,AZH-azh_train,train
data/AZH/train/diabetic/144_0.jpg,diabetic,0,diabetic,AZH-azh_train,train
data/Medetec/venous/leg-ulcers-0040.jpg,venous,3,venous,Medetec,train
data/AZH/train/venous/40_2.jpg,venous,3,venous,AZH-azh_train,train
data/AZH/train/venous/103_0.jpg,venous,3,venous,AZH-azh_train,train
data/AZH/train/no wound/33.jpg,no wound,4,no_wound,AZH-azh_train,train
data/AZH/train/surgical/59_0.jpg,surgical,2,surgical,AZH-azh_train,train
data/AZH/train/venous/40_1.jpg,venous,3,venous,AZH-azh_train,train
data/Medetec/diabetic/foot-ulcer-0005.jpg,diabetic,0,diabetic,Medetec,train
data/Medetec/pressure/necrotic-pressure-ulcer-0022.jpg,pressure,1,pressure,Medetec,train
data/Medetec/venous/leg-ulcers-0027.jpg,venous,3,venous,Medetec,train
data/AZH/train/venous/117_0.jpg,venous,3,venous,AZH-azh_train,train
data/Medetec/venous/leg-ulcers-0023.jpg,venous,3,venous,Medetec,train
data/AZH/train/venous/117_1.jpg,venous,3,venous,AZH-azh_train,train
data/AZH/train/surgical/17_1.jpg,surgical,2,surgical,AZH-azh_train,train
data/AZH/train/no wound/19.jpg,no wound,4,no_wound,AZH-azh_train,train
data/Medetec/venous/case-1-2-showing-extent-of-oedema-2.jpg,venous,3,venous,Medetec,train
data/AZH/train/no wound/22.jpg,no wound,4,no_wound,AZH-azh_train,train
data/AZH/train/venous/59_0.jpg,venous,3,venous,AZH-azh_train,train
data/Medetec/toes/toes-0039.jpg,toes,0,diabetic,Medetec,train
data/Medetec/pressure/healing-pressure-ulcer-0019.jpg,pressure,1,pressure,Medetec,train
data/AZH/train/pressure/78_0.jpg,pressure,1,pressure,AZH-azh_train,train
data/AZH/train/pressure/41_1.jpg,pressure,1,pressure,AZH-azh_train,train
data/AZH/train/venous/79_0.jpg,venous,3,venous,AZH-azh_train,train
data/AZH/train/venous/115_0.jpg,venous,3,venous,AZH-azh_train,train
data/Medetec/venous/leg-ulcer-case-2-1.jpg,venous,3,venous,Medetec,train
data/AZH/train/venous/33_0.jpg,venous,3,venous,AZH-azh_train,train
data/Medetec/pressure/sloughy-pressure-ulcer-0022.jpg,pressure,1,pressure,Medetec,train
data/AZH/train/diabetic/18_0.jpg,diabetic,0,diabetic,AZH-azh_train,train
data/AZH/train/diabetic/127_0.jpg,diabetic,0,diabetic,AZH-azh_train,train
data/AZH/train/no wound/36.jpg,no wound,4,no_wound,AZH-azh_train,train
data/AZH/train/BG/7.jpg,BG,4,no_wound,AZH-azh_train,train
data/Medetec/pressure/pressure-ulcer-on-foot-0044.jpg,pressure,1,pressure,Medetec,train
data/Medetec/toes/toes-0016.jpg,toes,0,diabetic,Medetec,train
data/AZH/train/surgical/38_0.jpg,surgical,2,surgical,AZH-azh_train,train
data/Medetec/pressure/superficial-pressure-ulcer0008.jpg,pressure,1,pressure,Medetec,train
data/AZH/train/pressure/87_0.jpg,pressure,1,pressure,AZH-azh_train,train
data/Medetec/pressure/pressure-ulcer-on-foot-0021.jpg,pressure,1,pressure,Medetec,train
data/AZH/train/venous/63_1.jpg,venous,3,venous,AZH-azh_train,train
data/AZH/train/surgical/58_0.jpg,surgical,2,surgical,AZH-azh_train,train
data/Medetec/pressure/necrotic-pressure-ulcer-0010.jpg,pressure,1,pressure,Medetec,train
data/AZH/train/no wound/66.jpg,no wound,4,no_wound,AZH-azh_train,train
data/AZH/train/diabetic/130_0.jpg,diabetic,0,diabetic,AZH-azh_train,train
data/Medetec/pressure/treating--pressure-ulcers0010.jpg,pressure,1,pressure,Medetec,train
data/AZH/train/surgical/86_0.jpg,surgical,2,surgical,AZH-azh_train,train
data/Medetec/diabetic/foot-ulcer-0025.jpg,diabetic,0,diabetic,Medetec,train
data/Medetec/diabetic/foot-ulcer-0029.jpg,diabetic,0,diabetic,Medetec,train
data/AZH/train/venous/40_5.jpg,venous,3,venous,AZH-azh_train,train
data/AZH/train/pressure/28_0.jpg,pressure,1,pressure,AZH-azh_train,train
data/AZH/train/no wound/41.jpg,no wound,4,no_wound,AZH-azh_train,train
data/AZH/train/diabetic/102_0.jpg,diabetic,0,diabetic,AZH-azh_train,train
data/AZH/train/surgical/106_0.jpg,surgical,2,surgical,AZH-azh_train,train
data/AZH/train/no wound/52.jpg,no wound,4,no_wound,AZH-azh_train,train
data/AZH/train/BG/3.jpg,BG,4,no_wound,AZH-azh_train,train
data/AZH/train/pressure/19_0.jpg,pressure,1,pressure,AZH-azh_train,train
data/Medetec/pressure/healing-pressure-ulcer-0009.jpg,pressure,1,pressure,Medetec,train
data/AZH/train/BG/31.jpg,BG,4,no_wound,AZH-azh_train,train
data/AZH/train/venous/30_0.jpg,venous,3,venous,AZH-azh_train,train
data/AZH/train/surgical/87_1.jpg,surgical,2,surgical,AZH-azh_train,train
data/AZH/train/venous/103_1.jpg,venous,3,venous,AZH-azh_train,train
data/AZH/train/venous/86_0.jpg,venous,3,venous,AZH-azh_train,train
data/AZH/train/pressure/10_3.jpg,pressure,1,pressure,AZH-azh_train,train
data/AZH/train/venous/6_0.jpg,venous,3,venous,AZH-azh_train,train
data/AZH/train/diabetic/30_0.jpg,diabetic,0,diabetic,AZH-azh_train,train
data/AZH/train/surgical/8_0.jpg,surgical,2,surgical,AZH-azh_train,train
data/AZH/train/pressure/72_0.jpg,pressure,1,pressure,AZH-azh_train,train
data/AZH/train/venous/83_0.jpg,venous,3,venous,AZH-azh_train,train
data/Medetec/pressure/superficial-pressure-ulcer0023.jpg,pressure,1,pressure,Medetec,train
data/AZH/train/surgical/88_0.jpg,surgical,2,surgical,AZH-azh_train,train
data/Medetec/toes/toes-0004.jpg,toes,0,diabetic,Medetec,train
data/AZH/train/surgical/36_0.jpg,surgical,2,surgical,AZH-azh_train,train
data/Medetec/pressure/sloughy-pressure-ulcer-0029.jpg,pressure,1,pressure,Medetec,train
data/AZH/train/venous/18_0.jpg,venous,3,venous,AZH-azh_train,train
data/AZH/train/no wound/2.jpg,no wound,4,no_wound,AZH-azh_train,train
data/Medetec/venous/leg-ulcers-0083.jpg,venous,3,venous,Medetec,train
data/AZH/train/no wound/15.jpg,no wound,4,no_wound,AZH-azh_train,train
data/AZH/train/no wound/70.jpg,no wound,4,no_wound,AZH-azh_train,train
data/AZH/train/venous/98_1.jpg,venous,3,venous,AZH-azh_train,train
data/AZH/train/venous/112_0.jpg,venous,3,venous,AZH-azh_train,train
data/AZH/train/venous/72_0.jpg,venous,3,venous,AZH-azh_train,train
data/Medetec/toes/toes-0021.jpg,toes,0,diabetic,Medetec,train
data/AZH/train/surgical/85_0.jpg,surgical,2,surgical,AZH-azh_train,train
data/Medetec/pressure/healing-pressure-ulcer-0006.jpg,pressure,1,pressure,Medetec,train
data/Medetec/venous/leg-ulcers-0086.jpg,venous,3,venous,Medetec,train
data/AZH/train/surgical/6_0.jpg,surgical,2,surgical,AZH-azh_train,train
data/Medetec/venous/leg-ulcers-0053.jpg,venous,3,venous,Medetec,train
data/AZH/train/pressure/38_1.jpg,pressure,1,pressure,AZH-azh_train,train
data/AZH/train/surgical/127_0.jpg,surgical,2,surgical,AZH-azh_train,train
data/Medetec/toes/toes-0018.jpg,toes,0,diabetic,Medetec,train
data/AZH/train/diabetic/32_0.jpg,diabetic,0,diabetic,AZH-azh_train,train
data/Medetec/diabetic/foot-ulcer-0013.jpg,diabetic,0,diabetic,Medetec,train
data/AZH/train/BG/13.jpg,BG,4,no_wound,AZH-azh_train,train
data/AZH/train/diabetic/75_0.jpg,diabetic,0,diabetic,AZH-azh_train,train
data/AZH/train/surgical/115_0.jpg,surgical,2,surgical,AZH-azh_train,train
data/AZH/train/pressure/37_0.jpg,pressure,1,pressure,AZH-azh_train,train
data/AZH/train/BG/22.jpg,BG,4,no_wound,AZH-azh_train,train
data/Medetec/venous/leg-ulcers-0074.jpg,venous,3,venous,Medetec,train
data/AZH/train/diabetic/4_0.jpg,diabetic,0,diabetic,AZH-azh_train,train
data/Medetec/pressure/healing-presure-ulcer-0012.jpg,pressure,1,pressure,Medetec,train
data/AZH/train/venous/39_1.jpg,venous,3,venous,AZH-azh_train,train
data/AZH/train/venous/31_0.jpg,venous,3,venous,AZH-azh_train,train
data/Medetec/pressure/pressure-ulcer-on-foot-0020.jpg,pressure,1,pressure,Medetec,train
data/AZH/train/pressure/11_0.jpg,pressure,1,pressure,AZH-azh_train,train
data/AZH/train/pressure/46_0.jpg,pressure,1,pressure,AZH-azh_train,train
data/AZH/train/no wound/34.jpg,no wound,4,no_wound,AZH-azh_train,train
data/Medetec/venous/leg-ulcers-0080.jpg,venous,3,venous,Medetec,train
data/AZH/train/diabetic/63_0.jpg,diabetic,0,diabetic,AZH-azh_train,train
data/AZH/train/pressure/56_0.jpg,pressure,1,pressure,AZH-azh_train,train
data/AZH/train/venous/102_0.jpg,venous,3,venous,AZH-azh_train,train
data/AZH/train/venous/6_1.jpg,venous,3,venous,AZH-azh_train,train
data/AZH/train/pressure/7_1.jpg,pressure,1,pressure,AZH-azh_train,train
data/Medetec/pressure/necrotic-pressure-ulcer-0005.jpg,pressure,1,pressure,Medetec,train
data/AZH/train/no wound/46.jpg,no wound,4,no_wound,AZH-azh_train,train
data/AZH/train/pressure/88_0.jpg,pressure,1,pressure,AZH-azh_train,train
data/AZH/train/pressure/71_0.jpg,pressure,1,pressure,AZH-azh_train,train
data/AZH/train/venous/52_0.jpg,venous,3,venous,AZH-azh_train,train
data/AZH/train/venous/109_0.jpg,venous,3,venous,AZH-azh_train,train
data/Medetec/venous/sloughy-leg-ulcer-0101.jpg,venous,3,venous,Medetec,train
data/AZH/train/BG/67.jpg,BG,4,no_wound,AZH-azh_train,train
data/AZH/train/diabetic/22_0.jpg,diabetic,0,diabetic,AZH-azh_train,train
data/Medetec/venous/leg-ulcer-case-2-11.jpg,venous,3,venous,Medetec,train
data/AZH/train/surgical/64_0.jpg,surgical,2,surgical,AZH-azh_train,train
data/Medetec/pressure/undermining0018.jpg,pressure,1,pressure,Medetec,train
data/AZH/train/diabetic/137_0.jpg,diabetic,0,diabetic,AZH-azh_train,train
data/Medetec/pressure/healing-pressure-ulcer-0018.jpg,pressure,1,pressure,Medetec,train
data/AZH/train/diabetic/57_0.jpg,diabetic,0,diabetic,AZH-azh_train,train
data/AZH/train/surgical/77_0.jpg,surgical,2,surgical,AZH-azh_train,train
data/AZH/train/pressure/69_0.jpg,pressure,1,pressure,AZH-azh_train,train
data/Medetec/pressure/healing-pressure-ulcer-0027.jpg,pressure,1,pressure,Medetec,train
data/AZH/train/venous/97_0.jpg,venous,3,venous,AZH-azh_train,train
data/Medetec/venous/leg-ulcer-case-3-5.jpg,venous,3,venous,Medetec,train
data/Medetec/pressure/pressure-ulcer-on-foot-0042.jpg,pressure,1,pressure,Medetec,train
data/AZH/train/venous/94_0.jpg,venous,3,venous,AZH-azh_train,train
data/Medetec/pressure/undermining0012.jpg,pressure,1,pressure,Medetec,train
data/Medetec/toes/toes-0042.jpg,toes,0,diabetic,Medetec,train
data/Medetec/toes/toes-0005.jpg,toes,0,diabetic,Medetec,train
data/Medetec/venous/leg-ulcers-0069.jpg,venous,3,venous,Medetec,train
data/AZH/train/pressure/98_0.jpg,pressure,1,pressure,AZH-azh_train,train
data/AZH/train/no wound/6.jpg,no wound,4,no_wound,AZH-azh_train,train
data/AZH/train/diabetic/50_0.jpg,diabetic,0,diabetic,AZH-azh_train,train
data/Medetec/pressure/superficial-pressure-ulcer0021.jpg,pressure,1,pressure,Medetec,train
data/Medetec/pressure/superficial-pressure-ulcer0020.jpg,pressure,1,pressure,Medetec,train
data/AZH/train/venous/36_0.jpg,venous,3,venous,AZH-azh_train,train
data/AZH/train/BG/54.jpg,BG,4,no_wound,AZH-azh_train,train
data/Medetec/venous/leg-ulcers-0001.jpg,venous,3,venous,Medetec,train
data/AZH/train/venous/60_0.jpg,venous,3,venous,AZH-azh_train,train
data/AZH/train/venous/110_2.jpg,venous,3,venous,AZH-azh_train,train
data/AZH/train/surgical/125_0.jpg,surgical,2,surgical,AZH-azh_train,train
data/AZH/train/no wound/45.jpg,no wound,4,no_wound,AZH-azh_train,train
data/AZH/train/diabetic/78_0.jpg,diabetic,0,diabetic,AZH-azh_train,train
data/AZH/train/pressure/10_0.jpg,pressure,1,pressure,AZH-azh_train,train
data/Medetec/pressure/undermining0015.jpg,pressure,1,pressure,Medetec,train
data/Medetec/pressure/undermining0005.jpg,pressure,1,pressure,Medetec,train
data/AZH/train/venous/137_1.jpg,venous,3,venous,AZH-azh_train,train
data/AZH/train/BG/40.jpg,BG,4,no_wound,AZH-azh_train,train
data/Medetec/venous/sloughy-leg-ulcer-0109.jpg,venous,3,venous,Medetec,train
data/Medetec/venous/leg-ulcers-0060.jpg,venous,3,venous,Medetec,train
data/Medetec/toes/toes-0015.jpg,toes,0,diabetic,Medetec,train
data/Medetec/pressure/sloughy-pressure-ulcer-0025.jpg,pressure,1,pressure,Medetec,train
data/AZH/train/venous/16_0.jpg,venous,3,venous,AZH-azh_train,train
data/AZH/train/surgical/107_0.jpg,surgical,2,surgical,AZH-azh_train,train
data/AZH/train/diabetic/15_0.jpg,diabetic,0,diabetic,AZH-azh_train,train
data/AZH/train/pressure/11_1.jpg,pressure,1,pressure,AZH-azh_train,train
data/AZH/train/diabetic/44_0.jpg,diabetic,0,diabetic,AZH-azh_train,train
data/Medetec/venous/leg-ulcer-case-2-3.jpg,venous,3,venous,Medetec,train
data/AZH/train/surgical/44_0.jpg,surgical,2,surgical,AZH-azh_train,train
data/AZH/train/diabetic/116_0.jpg,diabetic,0,diabetic,AZH-azh_train,train
data/AZH/train/pressure/66_0.jpg,pressure,1,pressure,AZH-azh_train,train
data/AZH/train/venous/97_2.jpg,venous,3,venous,AZH-azh_train,train
data/AZH/train/BG/21.jpg,BG,4,no_wound,AZH-azh_train,train
data/Medetec/pressure/superficial-pressure-ulcer0010.jpg,pressure,1,pressure,Medetec,train
data/AZH/train/diabetic/100_0.jpg,diabetic,0,diabetic,AZH-azh_train,train
data/AZH/train/venous/22_0.jpg,venous,3,venous,AZH-azh_train,train
data/Medetec/pressure/sloughy-presure-ulcer-0020.jpg,pressure,1,pressure,Medetec,train
data/Medetec/venous/leg-ulcers-0032.jpg,venous,3,venous,Medetec,train
data/AZH/train/surgical/79_0.jpg,surgical,2,surgical,AZH-azh_train,train
data/AZH/train/venous/114_1.jpg,venous,3,venous,AZH-azh_train,train
data/AZH/train/venous/4_0.jpg,venous,3,venous,AZH-azh_train,train
data/AZH/train/venous/76_0.jpg,venous,3,venous,AZH-azh_train,train
data/AZH/train/no wound/5.jpg,no wound,4,no_wound,AZH-azh_train,train
data/AZH/train/no wound/57.jpg,no wound,4,no_wound,AZH-azh_train,train
data/Medetec/pressure/sloughy-pressure-ulcer-0010.jpg,pressure,1,pressure,Medetec,train
data/AZH/train/venous/118_3.jpg,venous,3,venous,AZH-azh_train,train
data/AZH/train/diabetic/132_1.jpg,diabetic,0,diabetic,AZH-azh_train,train
data/AZH/train/surgical/15_1.jpg,surgical,2,surgical,AZH-azh_train,train
data/Medetec/diabetic/foot-ulcer-0032.jpg,diabetic,0,diabetic,Medetec,train
data/AZH/train/venous/122_1.jpg,venous,3,venous,AZH-azh_train,train
data/AZH/train/venous/152_0.jpg,venous,3,venous,AZH-azh_train,train
data/AZH/train/venous/139_0.jpg,venous,3,venous,AZH-azh_train,train
data/Medetec/pressure/sloughy-pressure-ulcer-0037.jpg,pressure,1,pressure,Medetec,train
data/AZH/train/pressure/20_0.jpg,pressure,1,pressure,AZH-azh_train,train
data/AZH/train/surgical/20_1.jpg,surgical,2,surgical,AZH-azh_train,train
data/AZH/train/no wound/39.jpg,no wound,4,no_wound,AZH-azh_train,train
data/AZH/train/venous/30_1.jpg,venous,3,venous,AZH-azh_train,train
data/Medetec/pressure/pressure-ulcer-on-neck-0002.jpg,pressure,1,pressure,Medetec,train
data/AZH/train/surgical/28_0.jpg,surgical,2,surgical,AZH-azh_train,train
data/Medetec/pressure/pressure-ulcer-on-foot-0009.jpg,pressure,1,pressure,Medetec,train
data/AZH/train/diabetic/49_0.jpg,diabetic,0,diabetic,AZH-azh_train,train
data/AZH/train/venous/90_0.jpg,venous,3,venous,AZH-azh_train,train
data/Medetec/diabetic/foot-ulcer-2-4.jpg,diabetic,0,diabetic,Medetec,train
data/Medetec/toes/toes-0007.jpg,toes,0,diabetic,Medetec,train
data/AZH/train/venous/144_2.jpg,venous,3,venous,AZH-azh_train,train
data/AZH/train/venous/5_0.jpg,venous,3,venous,AZH-azh_train,train
data/AZH/train/venous/132_0.jpg,venous,3,venous,AZH-azh_train,train
data/AZH/train/diabetic/9_2.jpg,diabetic,0,diabetic,AZH-azh_train,train
data/AZH/train/diabetic/113_0.jpg,diabetic,0,diabetic,AZH-azh_train,train
data/AZH/train/surgical/62_0.jpg,surgical,2,surgical,AZH-azh_train,train
data/Medetec/pressure/pressure-ulcer-on-foot-0016.jpg,pressure,1,pressure,Medetec,train
data/AZH/train/surgical/60_0.jpg,surgical,2,surgical,AZH-azh_train,train
data/Medetec/venous/leg-ulcers-0043.jpg,venous,3,venous,Medetec,train
data/AZH/train/diabetic/67_0.jpg,diabetic,0,diabetic,AZH-azh_train,train
data/AZH/train/BG/6.jpg,BG,4,no_wound,AZH-azh_train,train
data/AZH/train/venous/8_0.jpg,venous,3,venous,AZH-azh_train,train
data/AZH/train/pressure/27_0.jpg,pressure,1,pressure,AZH-azh_train,train
data/AZH/train/venous/20_0.jpg,venous,3,venous,AZH-azh_train,train
data/AZH/train/pressure/54_0.jpg,pressure,1,pressure,AZH-azh_train,train
data/AZH/train/pressure/76_0.jpg,pressure,1,pressure,AZH-azh_train,train
data/AZH/train/venous/123_0.jpg,venous,3,venous,AZH-azh_train,train
data/Medetec/venous/leg-ulcers-0079.jpg,venous,3,venous,Medetec,train
data/AZH/train/diabetic/7_0.jpg,diabetic,0,diabetic,AZH-azh_train,train
data/Medetec/pressure/healing-presure-ulcer-0026.jpg,pressure,1,pressure,Medetec,train
data/AZH/train/surgical/70_0.jpg,surgical,2,surgical,AZH-azh_train,train
data/AZH/train/diabetic/125_0.jpg,diabetic,0,diabetic,AZH-azh_train,train
data/AZH/train/pressure/48_0.jpg,pressure,1,pressure,AZH-azh_train,train
data/Medetec/venous/leg-ulcers-0044.jpg,venous,3,venous,Medetec,train
data/AZH/train/pressure/30_0.jpg,pressure,1,pressure,AZH-azh_train,train
data/AZH/train/pressure/84_0.jpg,pressure,1,pressure,AZH-azh_train,train
data/AZH/train/diabetic/28_0.jpg,diabetic,0,diabetic,AZH-azh_train,train
data/Medetec/pressure/sloughy-pressure-ulcer-0009.jpg,pressure,1,pressure,Medetec,train
data/Medetec/venous/leg-ulcer-case-2.jpg,venous,3,venous,Medetec,train
data/AZH/train/venous/39_0.jpg,venous,3,venous,AZH-azh_train,train
data/AZH/train/venous/46_3.jpg,venous,3,venous,AZH-azh_train,train
data/Medetec/pressure/sloughy-pressure-ulcer-0014.jpg,pressure,1,pressure,Medetec,train
data/Medetec/venous/leg-ulcers-0047.jpg,venous,3,venous,Medetec,train
data/AZH/train/diabetic/136_0.jpg,diabetic,0,diabetic,AZH-azh_train,train
data/AZH/train/no wound/38.jpg,no wound,4,no_wound,AZH-azh_train,train
data/AZH/train/venous/146_0.jpg,venous,3,venous,AZH-azh_train,train
data/AZH/train/diabetic/147_1.jpg,diabetic,0,diabetic,AZH-azh_train,train
data/AZH/train/surgical/108_0.jpg,surgical,2,surgical,AZH-azh_train,train
data/AZH/train/pressure/95_0.jpg,pressure,1,pressure,AZH-azh_train,train
data/Medetec/venous/leg-ulcer-case-2-4.jpg,venous,3,venous,Medetec,train
data/AZH/train/surgical/5_1.jpg,surgical,2,surgical,AZH-azh_train,train
data/Medetec/pressure/superficial-pressure-ulcer0009.jpg,pressure,1,pressure,Medetec,train
data/AZH/train/surgical/69_0.jpg,surgical,2,surgical,AZH-azh_train,train
data/AZH/train/venous/29_0.jpg,venous,3,venous,AZH-azh_train,train
data/Medetec/venous/leg-ulcers-0005.jpg,venous,3,venous,Medetec,train
data/AZH/train/diabetic/29_0.jpg,diabetic,0,diabetic,AZH-azh_train,train
data/AZH/train/diabetic/51_0.jpg,diabetic,0,diabetic,AZH-azh_train,train
data/AZH/train/diabetic/3_0.jpg,diabetic,0,diabetic,AZH-azh_train,train
data/AZH/train/BG/52.jpg,BG,4,no_wound,AZH-azh_train,train
data/AZH/train/BG/5.jpg,BG,4,no_wound,AZH-azh_train,train
data/Medetec/venous/leg-ulcers-0068.jpg,venous,3,venous,Medetec,train
data/AZH/train/venous/23_0.jpg,venous,3,venous,AZH-azh_train,train
data/AZH/train/venous/140_0.jpg,venous,3,venous,AZH-azh_train,train
data/AZH/train/diabetic/118_0.jpg,diabetic,0,diabetic,AZH-azh_train,train
data/Medetec/pressure/healing-presure-ulcer-0008.jpg,pressure,1,pressure,Medetec,train
data/Medetec/venous/ischaemic-leg-ulcer-with-tendon-visible-1.jpg,venous,3,venous,Medetec,train
data/Medetec/pressure/necrotic-pressure-ulcer-0007.jpg,pressure,1,pressure,Medetec,train
data/Medetec/pressure/pressure-ulcer-on-foot-0031.jpg,pressure,1,pressure,Medetec,train
data/AZH/train/surgical/103_0.jpg,surgical,2,surgical,AZH-azh_train,train
data/AZH/train/no wound/17.jpg,no wound,4,no_wound,AZH-azh_train,train
data/Medetec/venous/leg-ulcers-0089.jpg,venous,3,venous,Medetec,train
data/AZH/train/venous/1_0.jpg,venous,3,venous,AZH-azh_train,train
data/AZH/train/diabetic/81_0.jpg,diabetic,0,diabetic,AZH-azh_train,train
data/AZH/train/venous/136_0.jpg,venous,3,venous,AZH-azh_train,train
data/AZH/train/pressure/40_0.jpg,pressure,1,pressure,AZH-azh_train,train
data/Medetec/venous/leg-ulcers-0010.jpg,venous,3,venous,Medetec,train
data/Medetec/pressure/healing-pressure-ulcer-0007.jpg,pressure,1,pressure,Medetec,train
data/Medetec/pressure/sloughy-pressure-ulcer-0008.jpg,pressure,1,pressure,Medetec,train
data/Medetec/venous/case-1-4-dressed-with-compression-bandage.jpg,venous,3,venous,Medetec,train
data/AZH/train/BG/37.jpg,BG,4,no_wound,AZH-azh_train,train
data/Medetec/venous/leg-ulcers-0111.jpg,venous,3,venous,Medetec,train
data/AZH/train/venous/34_0.jpg,venous,3,venous,AZH-azh_train,train
data/AZH/train/diabetic/134_0.jpg,diabetic,0,diabetic,AZH-azh_train,train
data/AZH/train/venous/44_0.jpg,venous,3,venous,AZH-azh_train,train
data/AZH/train/pressure/23_0.jpg,pressure,1,pressure,AZH-azh_train,train
data/AZH/train/diabetic/13_0.jpg,diabetic,0,diabetic,AZH-azh_train,train
data/Medetec/pressure/superficial-pressure-ulcer0003.jpg,pressure,1,pressure,Medetec,train
data/Medetec/venous/leg-ulcers-0014.jpg,venous,3,venous,Medetec,train
data/AZH/train/venous/23_1.jpg,venous,3,venous,AZH-azh_train,train
data/AZH/train/pressure/22_0.jpg,pressure,1,pressure,AZH-azh_train,train
data/AZH/train/diabetic/107_0.jpg,diabetic,0,diabetic,AZH-azh_train,train
data/Medetec/venous/leg-ulcers-0071.jpg,venous,3,venous,Medetec,train
data/AZH/train/surgical/18_0.jpg,surgical,2,surgical,AZH-azh_train,train
data/AZH/train/BG/20.jpg,BG,4,no_wound,AZH-azh_train,train
data/AZH/train/pressure/44_0.jpg,pressure,1,pressure,AZH-azh_train,train
data/AZH/train/venous/126_0.jpg,venous,3,venous,AZH-azh_train,train
data/Medetec/venous/leg-ulcer-case-2-14.jpg,venous,3,venous,Medetec,train
data/AZH/train/no wound/56.jpg,no wound,4,no_wound,AZH-azh_train,train
data/AZH/train/venous/110_3.jpg,venous,3,venous,AZH-azh_train,train
data/Medetec/diabetic/foot-ulcer-0028.jpg,diabetic,0,diabetic,Medetec,train
data/Medetec/pressure/sloughy-pressure-ulcer-0028.jpg,pressure,1,pressure,Medetec,train
data/Medetec/pressure/undermining0004.jpg,pressure,1,pressure,Medetec,train
data/AZH/train/surgical/80_0.jpg,surgical,2,surgical,AZH-azh_train,train
data/Medetec/pressure/necrotic-pressure-ulcer-0011.jpg,pressure,1,pressure,Medetec,train
data/Medetec/venous/leg-ulcers-0034.jpg,venous,3,venous,Medetec,train
data/AZH/train/no wound/54.jpg,no wound,4,no_wound,AZH-azh_train,train
data/Medetec/pressure/necrotic-pressure-ulcer-0009.jpg,pressure,1,pressure,Medetec,train
data/AZH/train/diabetic/47_0.jpg,diabetic,0,diabetic,AZH-azh_train,train
data/AZH/train/BG/28.jpg,BG,4,no_wound,AZH-azh_train,train
data/AZH/train/diabetic/59_0.jpg,diabetic,0,diabetic,AZH-azh_train,train
data/Medetec/pressure/sloughy-pressure-ulcer-0012.jpg,pressure,1,pressure,Medetec,train
data/Medetec/pressure/sloughy-pressure-ulcer-0026.jpg,pressure,1,pressure,Medetec,train
data/Medetec/venous/leg-ulcer-with-skin-reaction-to-topical-therapy.jpg,venous,3,venous,Medetec,train
data/AZH/train/pressure/55_0.jpg,pressure,1,pressure,AZH-azh_train,train
data/Medetec/pressure/sloughy-pressure-ulcer-0024.jpg,pressure,1,pressure,Medetec,train
data/AZH/train/venous/46_0.jpg,venous,3,venous,AZH-azh_train,train
data/AZH/train/surgical/52_0.jpg,surgical,2,surgical,AZH-azh_train,train
data/AZH/train/pressure/52_0.jpg,pressure,1,pressure,AZH-azh_train,train
data/AZH/train/pressure/7_0.jpg,pressure,1,pressure,AZH-azh_train,train
data/AZH/train/venous/122_3.jpg,venous,3,venous,AZH-azh_train,train
data/AZH/train/BG/55.jpg,BG,4,no_wound,AZH-azh_train,train
data/AZH/train/venous/129_0.jpg,venous,3,venous,AZH-azh_train,train
data/Medetec/venous/leg-ulcers-0058.jpg,venous,3,venous,Medetec,train
data/Medetec/pressure/treating--pressure-ulcers0007.jpg,pressure,1,pressure,Medetec,train
data/Medetec/pressure/pressure-ulcer-on-foot-0019.jpg,pressure,1,pressure,Medetec,train
data/AZH/train/no wound/68.jpg,no wound,4,no_wound,AZH-azh_train,train
data/AZH/train/pressure/16_0.jpg,pressure,1,pressure,AZH-azh_train,train
data/Medetec/pressure/superficial-pressure-ulcer0019.jpg,pressure,1,pressure,Medetec,train
data/AZH/train/diabetic/21_0.jpg,diabetic,0,diabetic,AZH-azh_train,train
data/Medetec/pressure/superficial-pressure-ulcer0024.jpg,pressure,1,pressure,Medetec,train
data/Medetec/venous/leg-ulcers-0112.jpg,venous,3,venous,Medetec,train
data/Medetec/venous/leg-ulcer-case-2-7.jpg,venous,3,venous,Medetec,train
data/AZH/train/surgical/75_0.jpg,surgical,2,surgical,AZH-azh_train,train
data/AZH/train/surgical/122_0.jpg,surgical,2,surgical,AZH-azh_train,train
data/Medetec/venous/leg-ulcers-with-punched-out-apperance.jpg,venous,3,venous,Medetec,train
data/AZH/train/no wound/16.jpg,no wound,4,no_wound,AZH-azh_train,train
data/Medetec/pressure/undermining0020.jpg,pressure,1,pressure,Medetec,train
data/Medetec/venous/leg-ulcers-0017.jpg,venous,3,venous,Medetec,train
data/AZH/train/surgical/60_1.jpg,surgical,2,surgical,AZH-azh_train,train
data/Medetec/venous/leg-ulcers-0062.jpg,venous,3,venous,Medetec,train
data/AZH/train/venous/40_6.jpg,venous,3,venous,AZH-azh_train,train
data/Medetec/venous/leg-ulcers-0018.jpg,venous,3,venous,Medetec,train
data/AZH/train/BG/64.jpg,BG,4,no_wound,AZH-azh_train,train
data/AZH/train/diabetic/150_0.jpg,diabetic,0,diabetic,AZH-azh_train,train
data/Medetec/toes/toes-0036.jpg,toes,0,diabetic,Medetec,train
data/Medetec/venous/leg-ulcers-0056.jpg,venous,3,venous,Medetec,train
data/AZH/train/venous/40_3.jpg,venous,3,venous,AZH-azh_train,train
data/Medetec/pressure/treating--pressure-ulcers0014.jpg,pressure,1,pressure,Medetec,train
data/AZH/train/diabetic/72_0.jpg,diabetic,0,diabetic,AZH-azh_train,train
data/AZH/train/diabetic/46_0.jpg,diabetic,0,diabetic,AZH-azh_train,train
data/AZH/train/no wound/60.jpg,no wound,4,no_wound,AZH-azh_train,train
data/Medetec/pressure/pressure-ulcer-on-foot-0008.jpg,pressure,1,pressure,Medetec,train
data/AZH/train/surgical/84_0.jpg,surgical,2,surgical,AZH-azh_train,train
data/AZH/train/venous/122_2.jpg,venous,3,venous,AZH-azh_train,train
data/Medetec/pressure/sloughy-pressure-ulcer-0018.jpg,pressure,1,pressure,Medetec,train
data/Medetec/pressure/sloughy-pressure-ulcer-0013.jpg,pressure,1,pressure,Medetec,train
data/Medetec/pressure/pressure-ulcer-on-foot-0041.jpg,pressure,1,pressure,Medetec,train
data/AZH/train/BG/60.jpg,BG,4,no_wound,AZH-azh_train,train
data/Medetec/venous/leg-ulcers-0081.jpg,venous,3,venous,Medetec,train
data/AZH/train/BG/25.jpg,BG,4,no_wound,AZH-azh_train,train
data/AZH/train/surgical/102_0.jpg,surgical,2,surgical,AZH-azh_train,train
data/AZH/train/pressure/68_0.jpg,pressure,1,pressure,AZH-azh_train,train
data/Medetec/venous/leg-ulcers-0038.jpg,venous,3,venous,Medetec,train
data/AZH/train/pressure/85_0.jpg,pressure,1,pressure,AZH-azh_train,train
data/AZH/train/diabetic/43_0.jpg,diabetic,0,diabetic,AZH-azh_train,train
data/AZH/train/venous/64_0.jpg,venous,3,venous,AZH-azh_train,train
data/Medetec/toes/toes-00431.jpg,toes,0,diabetic,Medetec,train
data/AZH/train/venous/122_0.jpg,venous,3,venous,AZH-azh_train,train
data/AZH/train/diabetic/79_0.jpg,diabetic,0,diabetic,AZH-azh_train,train
data/AZH/train/venous/57_0.jpg,venous,3,venous,AZH-azh_train,train
data/AZH/train/surgical/37_1.jpg,surgical,2,surgical,AZH-azh_train,train
data/Medetec/venous/leg-ulcer-case-2-8.jpg,venous,3,venous,Medetec,train
data/AZH/train/venous/118_2.jpg,venous,3,venous,AZH-azh_train,train
data/Medetec/diabetic/foot-ulcer-0009.jpg,diabetic,0,diabetic,Medetec,train
data/AZH/train/surgical/30_0.jpg,surgical,2,surgical,AZH-azh_train,train
data/AZH/train/no wound/63.jpg,no wound,4,no_wound,AZH-azh_train,train
data/Medetec/pressure/healing-pressure-ulcer-0023.jpg,pressure,1,pressure,Medetec,train
data/Medetec/pressure/necrotic-pressure-ulcer-0021.jpg,pressure,1,pressure,Medetec,train
data/AZH/train/surgical/117_0.jpg,surgical,2,surgical,AZH-azh_train,train
data/AZH/train/diabetic/88_0.jpg,diabetic,0,diabetic,AZH-azh_train,train
data/Medetec/pressure/superficial-pressure-ulcer0013.jpg,pressure,1,pressure,Medetec,train
data/Medetec/pressure/healing-pressure-ulcer-0028.jpg,pressure,1,pressure,Medetec,train
data/Medetec/venous/leg-ulcers-0065.jpg,venous,3,venous,Medetec,train
data/AZH/train/no wound/65.jpg,no wound,4,no_wound,AZH-azh_train,train
data/AZH/train/diabetic/133_0.jpg,diabetic,0,diabetic,AZH-azh_train,train
data/AZH/train/surgical/45_0.jpg,surgical,2,surgical,AZH-azh_train,train
data/Medetec/venous/leg-ulcers-0076.jpg,venous,3,venous,Medetec,train
data/AZH/train/BG/38.jpg,BG,4,no_wound,AZH-azh_train,train
data/Medetec/venous/leg-ulcers-0026.jpg,venous,3,venous,Medetec,train
data/AZH/train/diabetic/60_0.jpg,diabetic,0,diabetic,AZH-azh_train,train
data/Medetec/pressure/treating--pressure-ulcers0005.jpg,pressure,1,pressure,Medetec,train
data/AZH/train/venous/144_4.jpg,venous,3,venous,AZH-azh_train,train
data/AZH/train/diabetic/139_0.jpg,diabetic,0,diabetic,AZH-azh_train,train
data/AZH/train/surgical/82_0.jpg,surgical,2,surgical,AZH-azh_train,train
data/AZH/train/BG/2.jpg,BG,4,no_wound,AZH-azh_train,train
data/AZH/train/diabetic/95_0.jpg,diabetic,0,diabetic,AZH-azh_train,train
data/AZH/train/diabetic/135_0.jpg,diabetic,0,diabetic,AZH-azh_train,train
data/Medetec/venous/leg-ulcer-case-2-10.jpg,venous,3,venous,Medetec,train
data/AZH/train/surgical/123_0.jpg,surgical,2,surgical,AZH-azh_train,train
data/Medetec/diabetic/foot-ulcer-0030.jpg,diabetic,0,diabetic,Medetec,train
data/Medetec/diabetic/foot-ulcer-0003.jpg,diabetic,0,diabetic,Medetec,train
data/AZH/train/no wound/49.jpg,no wound,4,no_wound,AZH-azh_train,train
data/AZH/train/venous/14_0.jpg,venous,3,venous,AZH-azh_train,train
data/AZH/train/BG/24.jpg,BG,4,no_wound,AZH-azh_train,train
data/AZH/train/diabetic/31_0.jpg,diabetic,0,diabetic,AZH-azh_train,train
data/AZH/train/pressure/91_0.jpg,pressure,1,pressure,AZH-azh_train,train
data/AZH/train/venous/127_0.jpg,venous,3,venous,AZH-azh_train,train
data/AZH/train/venous/41_2.jpg,venous,3,venous,AZH-azh_train,train
data/AZH/train/diabetic/115_0.jpg,diabetic,0,diabetic,AZH-azh_train,train
data/AZH/train/BG/56.jpg,BG,4,no_wound,AZH-azh_train,train
data/AZH/train/surgical/23_1.jpg,surgical,2,surgical,AZH-azh_train,train
data/AZH/train/diabetic/97_0.jpg,diabetic,0,diabetic,AZH-azh_train,train
data/Medetec/venous/leg-ulcer-case-2-12.jpg,venous,3,venous,Medetec,train
data/AZH/train/surgical/40_0.jpg,surgical,2,surgical,AZH-azh_train,train
data/Medetec/pressure/healing-pressure-ulcer-0013.jpg,pressure,1,pressure,Medetec,train
data/AZH/train/surgical/50_1.jpg,surgical,2,surgical,AZH-azh_train,train
data/AZH/train/venous/149_0.jpg,venous,3,venous,AZH-azh_train,train
data/AZH/train/no wound/28.jpg,no wound,4,no_wound,AZH-azh_train,train
data/AZH/train/surgical/48_0.jpg,surgical,2,surgical,AZH-azh_train,train
data/AZH/train/no wound/73.jpg,no wound,4,no_wound,AZH-azh_train,train
data/AZH/train/venous/40_4.jpg,venous,3,venous,AZH-azh_train,train
data/Medetec/pressure/pressure-ulcer-on-foot-0050.jpg,pressure,1,pressure,Medetec,train
data/AZH/train/pressure/17_0.jpg,pressure,1,pressure,AZH-azh_train,train
data/AZH/train/no wound/10.jpg,no wound,4,no_wound,AZH-azh_train,train
data/Medetec/pressure/superficial-pressure-ulcer0005.jpg,pressure,1,pressure,Medetec,train
data/AZH/train/BG/75.jpg,BG,4,no_wound,AZH-azh_train,train
data/Medetec/venous/leg-ulcers-0022.jpg,venous,3,venous,Medetec,train
data/AZH/train/diabetic/55_1.jpg,diabetic,0,diabetic,AZH-azh_train,train
data/Medetec/pressure/healing-pressure-ulcer-0029.jpg,pressure,1,pressure,Medetec,train
data/Medetec/pressure/pressure-ulcer-on-foot-0018.jpg,pressure,1,pressure,Medetec,train
data/AZH/train/diabetic/20_0.jpg,diabetic,0,diabetic,AZH-azh_train,train
data/AZH/train/venous/96_0.jpg,venous,3,venous,AZH-azh_train,train
data/AZH/train/surgical/126_0.jpg,surgical,2,surgical,AZH-azh_train,train
data/AZH/train/BG/11.jpg,BG,4,no_wound,AZH-azh_train,train
data/AZH/train/no wound/1.jpg,no wound,4,no_wound,AZH-azh_train,train
data/Medetec/diabetic/foot-ulcer-0007.jpg,diabetic,0,diabetic,Medetec,train
data/Medetec/venous/healingn-leg-ulcers-0114.jpg,venous,3,venous,Medetec,train
data/Medetec/venous/leg-ulcers-0064.jpg,venous,3,venous,Medetec,train
data/AZH/train/BG/43.jpg,BG,4,no_wound,AZH-azh_train,train
data/AZH/train/BG/45.jpg,BG,4,no_wound,AZH-azh_train,train
data/Medetec/toes/toes-0014.jpg,toes,0,diabetic,Medetec,train
data/AZH/train/venous/87_0.jpg,venous,3,venous,AZH-azh_train,train
data/AZH/train/venous/65_0.jpg,venous,3,venous,AZH-azh_train,train
data/AZH/train/venous/144_3.jpg,venous,3,venous,AZH-azh_train,train
data/Medetec/venous/leg-ulcer-case-3-1.jpg,venous,3,venous,Medetec,train
data/Medetec/pressure/pressure-ulcer-on-foot-0027.jpg,pressure,1,pressure,Medetec,train
data/AZH/train/surgical/89_0.jpg,surgical,2,surgical,AZH-azh_train,train
data/Medetec/pressure/superficial-pressure-ulcer0017.jpg,pressure,1,pressure,Medetec,train
data/Medetec/venous/leg-ulcers-0011.jpg,venous,3,venous,Medetec,train
data/AZH/train/diabetic/10_0.jpg,diabetic,0,diabetic,AZH-azh_train,train
data/Medetec/venous/leg-ulcers-0041.jpg,venous,3,venous,Medetec,train
data/Medetec/pressure/necrotic-pressure-ulcer-0019.jpg,pressure,1,pressure,Medetec,train
data/AZH/train/diabetic/64_0.jpg,diabetic,0,diabetic,AZH-azh_train,train
data/AZH/train/BG/19.jpg,BG,4,no_wound,AZH-azh_train,train
data/Medetec/venous/leg-ulcers-0048.jpg,venous,3,venous,Medetec,train
data/AZH/train/venous/55_0.jpg,venous,3,venous,AZH-azh_train,train
data/AZH/train/venous/105_0.jpg,venous,3,venous,AZH-azh_train,train
data/AZH/train/no wound/11.jpg,no wound,4,no_wound,AZH-azh_train,train
data/AZH/train/diabetic/154_0.jpg,diabetic,0,diabetic,AZH-azh_train,train
data/Medetec/venous/leg-ulcer-case-2-9.jpg,venous,3,venous,Medetec,train
data/Medetec/diabetic/foot-ulcer-3-3.jpg,diabetic,0,diabetic,Medetec,train
data/Medetec/toes/toes-0011.jpg,toes,0,diabetic,Medetec,train
data/AZH/train/diabetic/53_0.jpg,diabetic,0,diabetic,AZH-azh_train,train
data/AZH/train/BG/30.jpg,BG,4,no_wound,AZH-azh_train,train
data/Medetec/toes/toes-0008.jpg,toes,0,diabetic,Medetec,train
data/AZH/train/venous/120_0.jpg,venous,3,venous,AZH-azh_train,train
data/AZH/train/diabetic/5_0.jpg,diabetic,0,diabetic,AZH-azh_train,train
data/AZH/train/BG/14.jpg,BG,4,no_wound,AZH-azh_train,train
data/Medetec/venous/leg-ulcer-case-3-6.jpg,venous,3,venous,Medetec,train
data/AZH/train/diabetic/114_0.jpg,diabetic,0,diabetic,AZH-azh_train,train
data/AZH/train/no wound/51.jpg,no wound,4,no_wound,AZH-azh_train,train
data/AZH/train/surgical/63_0.jpg,surgical,2,surgical,AZH-azh_train,train
data/AZH/train/no wound/9.jpg,no wound,4,no_wound,AZH-azh_train,train
data/Medetec/diabetic/foot-ulcer1-2.jpg,diabetic,0,diabetic,Medetec,train
data/AZH/train/surgical/61_0.jpg,surgical,2,surgical,AZH-azh_train,train
data/Medetec/pressure/superficial-pressure-ulcer0007.jpg,pressure,1,pressure,Medetec,train
data/Medetec/pressure/treating--pressure-ulcers0009.jpg,pressure,1,pressure,Medetec,train
data/Medetec/pressure/treating--pressure-ulcers012.jpg,pressure,1,pressure,Medetec,train
data/AZH/train/pressure/34_0.jpg,pressure,1,pressure,AZH-azh_train,train
data/Medetec/pressure/healing-pressure-ulcer-0004.jpg,pressure,1,pressure,Medetec,train
data/AZH/train/pressure/60_0.jpg,pressure,1,pressure,AZH-azh_train,train
data/AZH/train/venous/46_1.jpg,venous,3,venous,AZH-azh_train,train
data/AZH/train/venous/89_0.jpg,venous,3,venous,AZH-azh_train,train
data/AZH/train/venous/49_0.jpg,venous,3,venous,AZH-azh_train,train
data/AZH/train/pressure/13_2.jpg,pressure,1,pressure,AZH-azh_train,train
data/Medetec/toes/toes-0032.jpg,toes,0,diabetic,Medetec,train
data/Medetec/diabetic/foot-ulcer1-3.jpg,diabetic,0,diabetic,Medetec,train
data/Medetec/toes/toes-0022.jpg,toes,0,diabetic,Medetec,train
data/Medetec/venous/leg-ulcers-0094.jpg,venous,3,venous,Medetec,train
data/AZH/train/diabetic/149_0.jpg,diabetic,0,diabetic,AZH-azh_train,train
data/AZH/train/venous/101_0.jpg,venous,3,venous,AZH-azh_train,train
data/Medetec/pressure/sloughy-pressure-ulcer-0035.jpg,pressure,1,pressure,Medetec,train
data/AZH/train/pressure/4_0.jpg,pressure,1,pressure,AZH-azh_train,train
data/AZH/train/surgical/3_0.jpg,surgical,2,surgical,AZH-azh_train,train
data/AZH/train/venous/95_0.jpg,venous,3,venous,AZH-azh_train,train
data/AZH/train/diabetic/128_0.jpg,diabetic,0,diabetic,AZH-azh_train,train
data/Medetec/pressure/sloughy-presure-ulcer-0036.jpg,pressure,1,pressure,Medetec,train
data/Medetec/pressure/treating--pressure-ulcers008.jpg,pressure,1,pressure,Medetec,train
data/Medetec/pressure/pressure-ulcer-on-foot-0043.jpg,pressure,1,pressure,Medetec,train
data/AZH/train/venous/150_1.jpg,venous,3,venous,AZH-azh_train,train
data/AZH/train/no wound/40.jpg,no wound,4,no_wound,AZH-azh_train,train
data/AZH/train/diabetic/83_0.jpg,diabetic,0,diabetic,AZH-azh_train,train
data/AZH/train/surgical/12_0.jpg,surgical,2,surgical,AZH-azh_train,train
data/Medetec/venous/leg-ulcers-0073.jpg,venous,3,venous,Medetec,train
data/AZH/train/BG/53.jpg,BG,4,no_wound,AZH-azh_train,train
data/AZH/train/venous/64_1.jpg,venous,3,venous,AZH-azh_train,train
data/Medetec/venous/leg-ulcers-0055.jpg,venous,3,venous,Medetec,train
data/AZH/train/surgical/109_0.jpg,surgical,2,surgical,AZH-azh_train,train
data/Medetec/diabetic/foot-ulcer-3-5.jpg,diabetic,0,diabetic,Medetec,train
data/AZH/train/venous/154_0.jpg,venous,3,venous,AZH-azh_train,train
data/AZH/train/BG/41.jpg,BG,4,no_wound,AZH-azh_train,train
data/AZH/train/venous/71_0.jpg,venous,3,venous,AZH-azh_train,train
data/Medetec/pressure/necrotic-pressure-ulcer-0018.jpg,pressure,1,pressure,Medetec,train
data/Medetec/venous/leg-ulcers-0051.jpg,venous,3,venous,Medetec,train
data/Medetec/diabetic/foot-ulcer-0031.jpg,diabetic,0,diabetic,Medetec,train
data/AZH/train/diabetic/99_0.jpg,diabetic,0,diabetic,AZH-azh_train,train
data/AZH/train/diabetic/103_0.jpg,diabetic,0,diabetic,AZH-azh_train,train
data/Medetec/venous/leg-ulcers-0110.jpg,venous,3,venous,Medetec,train
data/AZH/train/pressure/5_0.jpg,pressure,1,pressure,AZH-azh_train,train
data/Medetec/diabetic/foot-ulcer-2-3.jpg,diabetic,0,diabetic,Medetec,train
data/AZH/train/venous/144_1.jpg,venous,3,venous,AZH-azh_train,train
data/AZH/train/BG/48.jpg,BG,4,no_wound,AZH-azh_train,train
data/AZH/train/no wound/44.jpg,no wound,4,no_wound,AZH-azh_train,train
data/Medetec/toes/toes-0010.jpg,toes,0,diabetic,Medetec,train
data/AZH/train/surgical/110_0.jpg,surgical,2,surgical,AZH-azh_train,train
data/AZH/train/surgical/31_0.jpg,surgical,2,surgical,AZH-azh_train,train
data/AZH/train/surgical/20_0.jpg,surgical,2,surgical,AZH-azh_train,train
data/Medetec/diabetic/foot-ulcer-0022.jpg,diabetic,0,diabetic,Medetec,train
data/Medetec/pressure/undermining0014.jpg,pressure,1,pressure,Medetec,train
data/AZH/train/diabetic/71_0.jpg,diabetic,0,diabetic,AZH-azh_train,train
data/AZH/train/diabetic/131_0.jpg,diabetic,0,diabetic,AZH-azh_train,train
data/Medetec/diabetic/foot-ulcer-0016.jpg,diabetic,0,diabetic,Medetec,train
data/AZH/train/no wound/59.jpg,no wound,4,no_wound,AZH-azh_train,train
data/Medetec/venous/healing-venous-leg-ulcers-with-skin-staining.jpg,venous,3,venous,Medetec,train
data/AZH/train/BG/63.jpg,BG,4,no_wound,AZH-azh_train,train
data/AZH/train/venous/87_3.jpg,venous,3,venous,AZH-azh_train,train
data/AZH/train/no wound/30.jpg,no wound,4,no_wound,AZH-azh_train,train
data/Medetec/venous/leg-ulcers-0046.jpg,venous,3,venous,Medetec,train
data/Medetec/pressure/sloughy-pressure-ulcer-0005.jpg,pressure,1,pressure,Medetec,train
data/AZH/train/pressure/77_0.jpg,pressure,1,pressure,AZH-azh_train,train
data/Medetec/diabetic/foot-ulcer1-8.jpg,diabetic,0,diabetic,Medetec,train
data/Medetec/pressure/sloughy-pressure-ulcer-0031.jpg,pressure,1,pressure,Medetec,train
data/AZH/train/surgical/39_0.jpg,surgical,2,surgical,AZH-azh_train,train
data/Medetec/venous/leg-ulcers-0078.jpg,venous,3,venous,Medetec,train
data/AZH/train/BG/44.jpg,BG,4,no_wound,AZH-azh_train,train
data/Medetec/toes/toes-0029.jpg,toes,0,diabetic,Medetec,train
data/AZH/train/pressure/21_0.jpg,pressure,1,pressure,AZH-azh_train,train
data/Medetec/pressure/healing-pressure-ulcer-0014.jpg,pressure,1,pressure,Medetec,train
data/Medetec/diabetic/foot-ulcer1-4.jpg,diabetic,0,diabetic,Medetec,train
data/AZH/train/no wound/42.jpg,no wound,4,no_wound,AZH-azh_train,train
data/AZH/train/venous/77_0.jpg,venous,3,venous,AZH-azh_train,train
data/Medetec/diabetic/foot-ulcer-3-6.jpg,diabetic,0,diabetic,Medetec,train
data/AZH/train/pressure/25_1.jpg,pressure,1,pressure,AZH-azh_train,train
data/AZH/train/diabetic/77_0.jpg,diabetic,0,diabetic,AZH-azh_train,train
data/AZH/train/surgical/53_0.jpg,surgical,2,surgical,AZH-azh_train,train
data/Medetec/venous/leg-ulcers-0006.jpg,venous,3,venous,Medetec,train
data/AZH/train/diabetic/9_1.jpg,diabetic,0,diabetic,AZH-azh_train,train
data/Medetec/pressure/treating--pressure-ulcers011.jpg,pressure,1,pressure,Medetec,train
data/AZH/train/venous/62_0.jpg,venous,3,venous,AZH-azh_train,train
data/Medetec/venous/case-1-3-inadequately-bandaged.jpg,venous,3,venous,Medetec,train
data/Medetec/pressure/sloughy-pressure-ulcer-0030.jpg,pressure,1,pressure,Medetec,train
data/AZH/train/diabetic/9_0.jpg,diabetic,0,diabetic,AZH-azh_train,train
data/AZH/train/diabetic/131_1.jpg,diabetic,0,diabetic,AZH-azh_train,train
data/AZH/train/surgical/11_2.jpg,surgical,2,surgical,AZH-azh_train,train
data/AZH/train/pressure/45_0.jpg,pressure,1,pressure,AZH-azh_train,train
data/AZH/train/diabetic/36_0.jpg,diabetic,0,diabetic,AZH-azh_train,train
data/AZH/train/no wound/23.jpg,no wound,4,no_wound,AZH-azh_train,train
data/Medetec/venous/leg-ulcer-case-3-2.jpg,venous,3,venous,Medetec,train
data/AZH/train/no wound/4.jpg,no wound,4,no_wound,AZH-azh_train,train
data/AZH/train/diabetic/122_0.jpg,diabetic,0,diabetic,AZH-azh_train,train
data/Medetec/toes/toes-0013.jpg,toes,0,diabetic,Medetec,train
data/AZH/train/surgical/95_0.jpg,surgical,2,surgical,AZH-azh_train,train
data/Medetec/diabetic/foot-ulcer1-6.jpg,diabetic,0,diabetic,Medetec,train
data/Medetec/pressure/necrotic-pressure-ulcer-0006.jpg,pressure,1,pressure,Medetec,train
data/AZH/train/surgical/96_0.jpg,surgical,2,surgical,AZH-azh_train,train
data/AZH/train/surgical/41_0.jpg,surgical,2,surgical,AZH-azh_train,train
data/AZH/train/pressure/25_0.jpg,pressure,1,pressure,AZH-azh_train,train
data/AZH/train/no wound/37.jpg,no wound,4,no_wound,AZH-azh_train,train
data/Medetec/venous/leg-ulcers-0033.jpg,venous,3,venous,Medetec,train
data/AZH/train/diabetic/16_0.jpg,diabetic,0,diabetic,AZH-azh_train,train
data/Medetec/pressure/undermining0006.jpg,pressure,1,pressure,Medetec,train
data/Medetec/venous/leg-ulcers-0012.jpg,venous,3,venous,Medetec,train
data/AZH/train/surgical/75_1.jpg,surgical,2,surgical,AZH-azh_train,train
data/AZH/train/pressure/35_0.jpg,pressure,1,pressure,AZH-azh_train,train
data/AZH/train/BG/68.jpg,BG,4,no_wound,AZH-azh_train,train
data/AZH/train/venous/27_0.jpg,venous,3,venous,AZH-azh_train,train
data/AZH/train/BG/29.jpg,BG,4,no_wound,AZH-azh_train,train
data/Medetec/pressure/pressure-ulcer-on-foot-0017.jpg,pressure,1,pressure,Medetec,train
data/Medetec/venous/leg-ulcers-0063.jpg,venous,3,venous,Medetec,train
data/Medetec/pressure/sloughy-pressure-ulcer-0011.jpg,pressure,1,pressure,Medetec,train
data/Medetec/venous/leg-ulcers-0097.jpg,venous,3,venous,Medetec,train
data/AZH/train/BG/59.jpg,BG,4,no_wound,AZH-azh_train,train
data/AZH/train/surgical/23_0.jpg,surgical,2,surgical,AZH-azh_train,train
data/Medetec/pressure/superficial-pressure-ulcer0015.jpg,pressure,1,pressure,Medetec,train
data/Medetec/venous/leg-ulcers-0035.jpg,venous,3,venous,Medetec,train
data/AZH/train/diabetic/146_0.jpg,diabetic,0,diabetic,AZH-azh_train,train
data/AZH/train/venous/143_0.jpg,venous,3,venous,AZH-azh_train,train
data/Medetec/pressure/pressure-ulcer-on-foot-0046.jpg,pressure,1,pressure,Medetec,train
data/AZH/train/diabetic/143_0.jpg,diabetic,0,diabetic,AZH-azh_train,train
data/AZH/train/diabetic/86_0.jpg,diabetic,0,diabetic,AZH-azh_train,train
data/AZH/train/surgical/15_0.jpg,surgical,2,surgical,AZH-azh_train,train
data/Medetec/diabetic/foot-ulcer-2-2.jpg,diabetic,0,diabetic,Medetec,train
data/AZH/train/BG/8.jpg,BG,4,no_wound,AZH-azh_train,train
data/AZH/train/venous/15_0.jpg,venous,3,venous,AZH-azh_train,train
data/Medetec/diabetic/foot-ulcer-0001.jpg,diabetic,0,diabetic,Medetec,train
data/AZH/train/pressure/63_0.jpg,pressure,1,pressure,AZH-azh_train,train
data/AZH/train/diabetic/98_0.jpg,diabetic,0,diabetic,AZH-azh_train,train
data/AZH/train/diabetic/109_0.jpg,diabetic,0,diabetic,AZH-azh_train,train
data/AZH/train/surgical/93_0.jpg,surgical,2,surgical,AZH-azh_train,train
data/AZH/train/venous/41_1.jpg,venous,3,venous,AZH-azh_train,train
data/AZH/train/diabetic/25_1.jpg,diabetic,0,diabetic,AZH-azh_train,train
data/AZH/train/diabetic/91_0.jpg,diabetic,0,diabetic,AZH-azh_train,train
data/Medetec/venous/sloughy-leg-ulcer-0101-1.jpg,venous,3,venous,Medetec,train
data/AZH/train/BG/36.jpg,BG,4,no_wound,AZH-azh_train,train
data/Medetec/toes/toes-0025.jpg,toes,0,diabetic,Medetec,train
data/AZH/train/venous/80_0.jpg,venous,3,venous,AZH-azh_train,train
data/AZH/train/venous/38_0.jpg,venous,3,venous,AZH-azh_train,train
data/Medetec/venous/leg-ulcers-0036.jpg,venous,3,venous,Medetec,train
data/AZH/train/pressure/47_0.jpg,pressure,1,pressure,AZH-azh_train,train
data/AZH/train/surgical/120_0.jpg,surgical,2,surgical,AZH-azh_train,train
data/AZH/train/surgical/8_1.jpg,surgical,2,surgical,AZH-azh_train,train
data/AZH/train/no wound/32.jpg,no wound,4,no_wound,AZH-azh_train,train
data/Medetec/pressure/sloughy-pressure-ulcer-0006.jpg,pressure,1,pressure,Medetec,train
data/AZH/train/BG/34.jpg,BG,4,no_wound,AZH-azh_train,train
data/AZH/train/diabetic/132_0.jpg,diabetic,0,diabetic,AZH-azh_train,train
data/AZH/train/venous/35_0.jpg,venous,3,venous,AZH-azh_train,train
data/Medetec/venous/leg-ulcers-0015.jpg,venous,3,venous,Medetec,train
data/AZH/train/pressure/38_0.jpg,pressure,1,pressure,AZH-azh_train,train
data/Medetec/venous/leg-ulcers-0007.jpg,venous,3,venous,Medetec,train
data/AZH/train/no wound/69.jpg,no wound,4,no_wound,AZH-azh_train,train
data/AZH/train/venous/8_1.jpg,venous,3,venous,AZH-azh_train,train
data/AZH/train/diabetic/104_0.jpg,diabetic,0,diabetic,AZH-azh_train,train
data/Medetec/pressure/superficial-pressure-ulcer0018.jpg,pressure,1,pressure,Medetec,train
data/AZH/train/surgical/90_0.jpg,surgical,2,surgical,AZH-azh_train,train
data/Medetec/pressure/pressure-ulcer-on-foot-0045.jpg,pressure,1,pressure,Medetec,train
data/AZH/train/diabetic/141_0.jpg,diabetic,0,diabetic,AZH-azh_train,train
data/Medetec/pressure/treating--pressure-ulcers0006.jpg,pressure,1,pressure,Medetec,train
data/AZH/train/surgical/67_1.jpg,surgical,2,surgical,AZH-azh_train,train
data/AZH/train/venous/111_0.jpg,venous,3,venous,AZH-azh_train,train
data/Medetec/pressure/pressure-ulcer-on-foot-0049.jpg,pressure,1,pressure,Medetec,train
data/Medetec/venous/leg-ulcers-0042.jpg,venous,3,venous,Medetec,train
data/AZH/train/no wound/47.jpg,no wound,4,no_wound,AZH-azh_train,train
data/AZH/train/diabetic/96_0.jpg,diabetic,0,diabetic,AZH-azh_train,train
data/AZH/train/BG/35.jpg,BG,4,no_wound,AZH-azh_train,train
data/AZH/train/diabetic/74_0.jpg,diabetic,0,diabetic,AZH-azh_train,train
data/AZH/train/surgical/87_0.jpg,surgical,2,surgical,AZH-azh_train,train
data/Medetec/venous/case-1-5-oedema-starting-to-reduce-1-oedema-starting-to-reduce.jpg,venous,3,venous,Medetec,train
data/AZH/train/BG/10.jpg,BG,4,no_wound,AZH-azh_train,train
data/Medetec/pressure/healing-pressure-ulcer-0021.jpg,pressure,1,pressure,Medetec,train
data/AZH/train/venous/131_0.jpg,venous,3,venous,AZH-azh_train,train
data/AZH/train/BG/57.jpg,BG,4,no_wound,AZH-azh_train,train
data/AZH/train/venous/85_0.jpg,venous,3,venous,AZH-azh_train,train
data/Medetec/pressure/pressure-ulcer-on-foot-0024.jpg,pressure,1,pressure,Medetec,train
data/AZH/train/venous/118_1.jpg,venous,3,venous,AZH-azh_train,train
data/Medetec/venous/leg-ulcers-0072.jpg,venous,3,venous,Medetec,train
data/AZH/train/pressure/1_0.jpg,pressure,1,pressure,AZH-azh_train,train
data/AZH/train/pressure/92_0.jpg,pressure,1,pressure,AZH-azh_train,train
data/AZH/train/surgical/71_0.jpg,surgical,2,surgical,AZH-azh_train,train
data/AZH/train/diabetic/146_2.jpg,diabetic,0,diabetic,AZH-azh_train,train
data/Medetec/toes/toes-0040.jpg,toes,0,diabetic,Medetec,train
data/Medetec/pressure/superficial-pressure-ulcer0006.jpg,pressure,1,pressure,Medetec,train
data/AZH/train/no wound/35.jpg,no wound,4,no_wound,AZH-azh_train,train
data/Medetec/venous/leg-ulcer-case-2-5.jpg,venous,3,venous,Medetec,train
data/Medetec/diabetic/foot-ulcer-0006.jpg,diabetic,0,diabetic,Medetec,train
data/Medetec/toes/toes-0009.jpg,toes,0,diabetic,Medetec,train
data/AZH/train/no wound/50.jpg,no wound,4,no_wound,AZH-azh_train,train
data/AZH/train/BG/23.jpg,BG,4,no_wound,AZH-azh_train,train
data/Medetec/diabetic/foot-ulcer-2-1.jpg,diabetic,0,diabetic,Medetec,train
data/AZH/train/pressure/86_0.jpg,pressure,1,pressure,AZH-azh_train,train
data/Medetec/pressure/healing-pressure-ulcer-0015.jpg,pressure,1,pressure,Medetec,train
data/AZH/train/surgical/64_1.jpg,surgical,2,surgical,AZH-azh_train,train
data/AZH/train/venous/68_0.jpg,venous,3,venous,AZH-azh_train,train
data/AZH/train/BG/15.jpg,BG,4,no_wound,AZH-azh_train,train
data/AZH/train/BG/66.jpg,BG,4,no_wound,AZH-azh_train,train
data/Medetec/venous/leg-ulcers-with-punched-out-apperance-1.jpg,venous,3,venous,Medetec,train
data/Medetec/pressure/treating--pressure-ulcers013.jpg,pressure,1,pressure,Medetec,train
data/AZH/train/venous/137_0.jpg,venous,3,venous,AZH-azh_train,train
data/Medetec/diabetic/foot-ulcer-0024.jpg,diabetic,0,diabetic,Medetec,train
data/AZH/train/pressure/42_0.jpg,pressure,1,pressure,AZH-azh_train,train
data/Medetec/pressure/superficial-pressure-ulcer0011.jpg,pressure,1,pressure,Medetec,train
data/AZH/train/pressure/13_0.jpg,pressure,1,pressure,AZH-azh_train,train
data/Medetec/pressure/sloughy-pressure-ulcer-0023.jpg,pressure,1,pressure,Medetec,train
data/Medetec/pressure/healing-pressure-ulcer-0022.jpg,pressure,1,pressure,Medetec,train
data/AZH/train/no wound/24.jpg,no wound,4,no_wound,AZH-azh_train,train
data/Medetec/toes/toes-0031.jpg,toes,0,diabetic,Medetec,train
data/Medetec/venous/leg-ulcers-0025.jpg,venous,3,venous,Medetec,train
data/AZH/train/diabetic/26_0.jpg,diabetic,0,diabetic,AZH-azh_train,train
data/AZH/train/venous/40_7.jpg,venous,3,venous,AZH-azh_train,train
data/AZH/train/no wound/58.jpg,no wound,4,no_wound,AZH-azh_train,train
data/AZH/train/no wound/3.jpg,no wound,4,no_wound,AZH-azh_train,train
data/Medetec/pressure/healing-pressure-ulcer-0011.jpg,pressure,1,pressure,Medetec,train
data/AZH/train/diabetic/66_0.jpg,diabetic,0,diabetic,AZH-azh_train,train
data/AZH/train/venous/24_0.jpg,venous,3,venous,AZH-azh_train,train
data/AZH/train/diabetic/78_1.jpg,diabetic,0,diabetic,AZH-azh_train,train
data/AZH/train/pressure/9_0.jpg,pressure,1,pressure,AZH-azh_train,train
data/AZH/train/BG/50.jpg,BG,4,no_wound,AZH-azh_train,train
data/AZH/train/no wound/25.jpg,no wound,4,no_wound,AZH-azh_train,train
data/Medetec/pressure/sloughy-pressure-ulcer-0016.jpg,pressure,1,pressure,Medetec,train
data/Medetec/venous/leg-ulcers-0059.jpg,venous,3,venous,Medetec,train
data/AZH/train/venous/128_0.jpg,venous,3,venous,AZH-azh_train,train
data/AZH/train/diabetic/147_0.jpg,diabetic,0,diabetic,AZH-azh_train,train
