Antibody,G-ESM only (antigen-centric proxy),Your Model,Δ
17C7,0.74899860520399,0.7488488224192483,-0.00014978278474164775
CR4098,0.7878805733735059,0.787517474111858,-0.0003630992616479034
CR57,0.7383380046134247,0.738278370762376,-5.9633851048679354e-05
CTB012,0.711958453910279,0.7115089522440603,-0.00044950166621871013
RVA122,0.8238907772715149,0.823959440497225,6.86632257100861e-05
RVC20,0.7915724134344705,0.7913096201420019,-0.0002627932924685883
RVC58,0.7963791681565199,0.796518370699705,0.00013920254318511294
RVC68,0.7346602768391439,0.7346421354290482,-1.814141009570669e-05
Mean,0.7667097841003561,0.7665728982881904,-0.00013688581216575457
